년도/월,명목gdp,경제성장률,경상수지,무역수지,소비자물가,생산자물가,기준금리,콜금리,코스피지수,코스닥지수,나스닥변동률,외국인보유금,외국인보유금(시가총액대비),엔달러절상율,원달러절상율,환율
200101,707021,4.9,-673,214,3.4,-0.1,5.25,5.32,617.91,843.6,0.1223,81.8,28.3,-1.2,0.4,1259
200102,707021,4.9,-533,622,3.6,-0.1,5,5.15,578.1,767.6,-0.2239,76,28,-1.6,1.1,1250.8
200103,707021,4.9,1509,1173,4,0.2,5,5.05,523.22,684.3,-0.1448,70.7,28.7,-9.3,-4.7,1327.5
200104,707021,4.9,-847,909,4.8,0.7,5,5.03,577.36,789.7,0.15,80.7,29.5,-7.8,-4.2,1319.7
200105,707021,4.9,1159,1752,5.3,0.8,5,5.03,612.16,813.5,-0.0027,84.8,29.3,-5.1,-1.4,1282.7
200106,707021,4.9,1364,1213,5,0.2,5,5.03,595.13,768.7,0.024,83,29.3,-8.3,-2.5,1297.5
200107,707021,4.9,-42,284,4.8,0,4.75,4.81,541.55,680.9,-0.0621,78.1,29.9,-8.7,-2.7,1300
200108,707021,4.9,-266,428,4.7,-0.5,4.5,4.61,545.11,618.4,-0.1094,75.7,31.5,-4.3,-1.1,1278
200109,707021,4.9,325,737,3.3,-1.1,4,4.33,479.68,516.4,-0.1698,65.3,31.2,-4.3,-3.4,1309.6
200110,707021,4.9,224,579,3.4,-1.5,4,4.03,537.81,625.5,0.1277,76.2,31.6,-6.4,-2.4,1296.1
200111,707021,4.9,-123,816,3.4,-1.8,4,4.03,643.89,705.2,0.1422,95,33.2,-7.7,-0.7,1273
200112,707021,4.9,69,612,3.2,-2.5,4,4.01,693.7,722.1,0.0103,100.8,32.8,-13,-3.7,1313.5
200201,784741,7.7,-714,56,2.6,-2.6,4,3.98,748.07,773.6,-0.0084,121.1,36,-1.1,-0.1,1314.4
200202,784741,7.7,279,552,2.6,-1.9,4,4.01,819.99,787.1,-0.1047,133.3,36.4,-1.9,-0.8,1323.8
200203,784741,7.7,735,1261,2.3,-1.6,4,4.01,895.58,927.3,0.0658,146.2,35.8,-1,-0.9,1325.9
200204,784741,7.7,-831,625,2.5,-0.8,4,4.01,842.34,733.4,-0.0851,140.5,36.6,2.6,1.5,1294
200205,784741,7.7,624,1475,3,-0.3,4.25,4.25,796.4,697.8,-0.0429,134.3,36.8,6,7.1,1226.3
200206,784741,7.7,551,960,2.6,-0.5,4.25,4.3,742.72,608.5,-0.0944,125.9,36.4,10.1,9.3,1201.3
200207,784741,7.7,-62,363,2.1,-0.7,4.25,4.28,717.99,586.2,-0.0922,121.4,36,9.6,10.6,1188
200208,784741,7.7,-813,1098,2.4,-0.1,4.25,4.29,736.4,591.1,-0.0101,122.5,35.4,11.4,9.3,1201.9
200209,784741,7.7,1631,909,3.1,0.4,4.25,4.3,646.42,467.1,-0.1086,106.8,35.4,7.8,7,1227.8
200210,784741,7.7,876,1268,2.8,1,4.25,4.3,658.92,480.5,0.1345,109,35.3,7.3,7.5,1221.6
200211,784741,7.7,705,1204,3.5,1.6,4.25,4.3,724.8,519,0.1121,123.7,36.3,7.3,8.7,1208.8
200212,784741,7.7,1085,574,3.7,2.2,4.25,4.31,627.55,443.6,-0.0969,107.6,36.3,10.9,10.7,1186.2
200301,837365,3.1,-2193,-175,3.8,2.8,4.25,4.28,591.86,433.9,-0.0109,102.8,36.7,0,10.8,1070.1
200302,837365,3.1,-740,-521,3.9,2.8,4.25,4.3,575.43,417.8,0.0126,97.9,35.9,0.7,-0.6,1193.7
200303,837365,3.1,-144,-491,4.5,3.3,4.25,4.24,535.7,377.7,0.0027,89.9,35.4,-0.4,-5.5,1254.6
200304,837365,3.1,-1008,962,3.7,1.9,4.25,4.24,599.35,428,0.0918,99.1,34.7,-0.7,-2.4,1215.3
200305,837365,3.1,-51,1152,3.2,1,4,4.06,633.42,471.8,0.0899,106.4,35.2,0,-1.6,1205.9
200306,837365,3.1,1097,2228,3,1.1,4,4.01,669.93,497.5,0.0168,115.8,36.1,-0.9,-8.3,1293
200307,837365,3.1,622,534,3.2,1.6,3.75,3.82,713.52,493.3,0.0692,129.9,38.3,-1.3,0.6,1179.7
200308,837365,3.1,972,1834,3,1.8,3.75,3.74,759.47,495.4,0.0435,140.9,39.1,1.3,0.7,1178.2
200309,837365,3.1,3274,2490,3.3,2,3.75,3.74,697.52,448.6,-0.013,132.2,39.8,7.1,3.1,1150.1
200310,837365,3.1,3556,2393,3.7,2.2,3.75,3.74,782.36,463.8,0.0813,156.1,42.2,8.9,0.3,1183.1
200311,837365,3.1,2949,2481,3.4,2.5,3.75,3.77,796.18,458.4,0.0145,156.3,40.7,8.5,-1.3,1202.1
200312,837365,3.1,2975,2105,3.4,3.1,3.75,3.77,810.71,448.7,0.022,161.8,41.2,11,-0.5,1192.6
200401,908439,5.2,2123,2778,3.4,3.7,3.75,3.78,848.5,441.45,0.0313,177.2,43,0.9,1.6,1173.7
200402,908439,5.2,1207,1668,3.3,4.5,3.75,3.75,883.42,428.68,-0.0176,186.2,43.8,-2.2,1.4,1176.2
200403,908439,5.2,1898,2055,3.1,4.5,3.75,3.75,880.5,434.16,-0.0175,189,44.5,2.7,4,1146.6
200404,908439,5.2,544,2653,3.3,5.5,3.75,3.75,862.84,453.47,-0.0371,185.6,44.2,-3,1.6,1173.3
200405,908439,5.2,4341,2939,3.3,6.3,3.75,3.76,803.84,400.92,0.0347,167,43,-2.4,2.8,1160.1
200406,908439,5.2,1887,3113,3.6,6.8,3.75,3.76,785.79,385.18,0.0307,162.9,42.9,-1.7,3.2,1155.5
200407,908439,5.2,2133,2614,4.4,7,3.75,3.76,735.34,331.21,-0.0783,152.9,42.4,-4.3,1.9,1170
200408,908439,5.2,1642,1675,4.8,7.5,3.5,3.6,803.57,355.66,-0.0261,165.6,41.6,-2.6,3.4,1153
200409,908439,5.2,4146,2638,3.9,7.5,3.5,3.52,835.09,362.08,0.032,173.1,41.9,-3.5,3.5,1151.8
200410,908439,5.2,2179,2255,3.8,7.3,3.5,3.52,834.84,357.04,0.0412,171.3,41.3,0.8,6.5,1119.6
200411,908439,5.2,4145,2765,3.3,6.9,3.25,3.34,878.06,373.43,0.0617,179.1,41.2,3.8,13.8,1048.2
200412,908439,5.2,3047,2230,3,5.4,3.25,3.27,895.92,380.33,0.0375,179.7,40.5,4.3,15.2,1035.1
200501,957448,4.3,1398,3004,3.4,5,3.25,3.26,932.7,472.95,-0.052,190.4,40.5,-1,0.9,1025.6
200502,957448,4.3,752,2004,3.4,3.9,3.25,3.26,1011.36,498.38,-0.0052,206.4,40.3,-2,2.9,1006
200503,957448,4.3,1316,1172,3,3,3.25,3.24,965.68,455.03,-0.0256,195,39.9,-4.3,1.9,1015.5
200504,957448,4.3,-1735,1629,3.1,2.8,3.25,3.25,911.3,424.4,-0.0388,182.6,39.7,-2.7,3.2,1002.8
200505,957448,4.3,546,1961,3.1,1.9,3.25,3.29,970.21,471.48,0.0763,194,39.4,-5.3,2.7,1007.7
200506,957448,4.3,959,2419,2.8,1.5,3.25,3.27,1008.16,503.21,-0.0054,200.7,39.1,-6.9,0.9,1025.4
200507,957448,4.3,622,1727,2.6,1.7,3.25,3.24,1111.29,546.68,0.0622,223.8,39.3,-8.6,0.8,1026.8
200508,957448,4.3,974,1342,2,1.1,3.25,3.24,1083.33,503.95,-0.015,218.9,39.6,-7.1,-0.3,1038.5
200509,957448,4.3,725,1800,2.5,1.1,3.25,3.24,1221.01,571.95,-0.0002,244,39.1,-9.3,-0.6,1041.1
200510,957448,4.3,3015,2700,2.3,1.4,3.5,3.45,1158.11,587.46,-0.0146,229.2,38.3,-11.3,-0.5,1040.2
200511,957448,4.3,1866,1976,2.5,1,3.5,3.49,1297.44,712.39,0.0531,254.5,37.5,-14,0.2,1033.5
200512,957448,4.3,1771,1446,2.6,1.4,3.75,3.7,1379.37,701.79,-0.0123,270.2,37.2,-13,2.3,1011.6
200601,1005602,5.3,-78,169,2.2,0.8,3.75,3.74,1399.83,690.24,0.0456,281.7,38.2,0.3,4.9,964.6
200602,1005602,5.3,-3245,279,2,0.7,4,3.92,1371.59,682.36,-0.0106,276.9,37.6,1.4,4.2,970.9
200603,1005602,5.3,-1625,895,2,0.4,4,3.97,1359.6,655.21,0.0256,277.2,37.8,0.4,4.1,971.6
200604,1005602,5.3,-3429,1104,2,0.4,4,3.97,1419.73,685.44,-0.0074,287.5,37.6,3.2,7.2,943.4
200605,1005602,5.3,-44,1725,2.3,1.4,4,3.96,1317.7,630.5,-0.0619,264.6,37.3,5.2,7,945.6
200606,1005602,5.3,2190,1926,2.4,1.6,4.25,4.17,1295.15,590.68,-0.0031,259,37.2,2.9,6.6,948.9
200607,1005602,5.3,-698,224,2.4,1.3,4.25,4.21,1297.82,557.66,-0.0371,256.5,36.9,3.1,5.9,955.2
200608,1005602,5.3,-1541,258,2.7,1.7,4.5,4.42,1352.74,572.83,0.0441,261.9,35.9,0.4,5.2,961.4
200609,1005602,5.3,3088,2014,2.5,1.6,4.5,4.47,1371.41,600.42,0.0342,263.4,35.5,0,6.9,946.2
200610,1005602,5.3,2688,2394,2.2,0.4,4.5,4.48,1364.55,586.1,0.0479,260.8,35.4,0.4,7.4,942.3
200611,1005602,5.3,4456,3837,2.1,0.2,4.5,4.47,1432.21,622.17,0.0275,271,34.9,1.5,8.8,929.5
200612,1005602,5.3,332,1257,2.1,0.4,4.5,4.5,1434.46,606.15,-0.0068,272.8,35.1,-0.7,8.8,929.8
200701,1089660,5.8,214,533,1.7,0.1,4.5,4.63,1360.23,576.37,0.0201,277.6,37.6,-2.2,-1.2,941
200702,1089660,5.8,-729,819,2.2,0.1,4.5,4.6,1417.34,600.93,-0.0194,291.8,38,0.4,-1.3,941.8
200703,1089660,5.8,-1160,1091,2.2,0.6,4.5,4.6,1452.55,648.99,0.0023,297.9,37.6,0.9,-1.2,940.9
200704,1089660,5.8,-2241,347,2.5,1.1,4.5,4.69,1542.24,675.88,0.0427,314.3,37.4,-0.7,-0.1,930.8
200705,1089660,5.8,-2295,1183,2.3,1.4,4.5,4.61,1700.91,747.87,0.0315,336.4,36.2,-2.3,0.2,927.7
200706,1089660,5.8,1582,3492,2.5,1.8,4.5,4.54,1743.6,778.69,-0.0005,343.1,35.6,-3.8,0.6,923.8
200707,1089660,5.8,2569,984,2.5,1.6,4.75,4.67,1933.27,811.52,-0.0221,369.9,34.6,-0.1,1.1,919.3
200708,1089660,5.8,2223,1356,2,0.9,5,4.92,1873.24,775.13,0.02,348.4,33.6,2.2,-0.9,938.3
200709,1089660,5.8,4313,2130,2.3,1,5,4.98,1946.48,794.56,0.0405,359.8,33.3,3.1,1.6,915.1
200710,1089660,5.8,1914,1693,3,2.2,5,5,2064.85,810.07,0.0583,372.1,32.6,3.5,3.2,900.7
200711,1089660,5.8,3260,1882,3.5,3.1,5,5,1906,741.84,-0.0693,344.7,32.6,7.6,0.9,921.1
200712,1089660,5.8,822,-866,3.6,3.6,5,4.99,1897.13,704.23,-0.0033,344.2,32.7,5.1,-0.7,936.1
200801,1154217,3,-689,-4043,3.9,4.1,5,4.99,1624.68,608.84,-0.0989,279.3,30.9,6.1,-0.8,943.9
200802,1154217,3,-2235,-1446,3.6,5.1,5,4.97,1711.62,655.94,-0.0495,282.2,29.5,7.8,-0.3,939
200803,1154217,3,973,-1119,3.9,6,5,4.97,1703.99,644.45,0.0034,278.1,29.1,13.3,-5.5,990.4
200804,1154217,3,-2387,-410,4.1,7.5,5,4.99,1825.47,647.02,0.0587,304.4,29.9,8.8,-6.6,1002.6
200805,1154217,3,-1738,679,4.9,9,5,4.97,1852.02,652.15,0.0455,307.8,29.8,7.3,-9.1,1030.1
200806,1154217,3,-1143,-569,5.5,10.5,5,4.95,1674.92,590.19,-0.091,274.1,29.3,6.7,-10.5,1046
200807,1154217,3,-2262,-1991,5.9,12.5,5,4.98,1594.67,539.44,0.0142,254,28.6,4.6,-7.5,1012.2
200808,1154217,3,-3845,-3809,5.6,12.3,5.25,5.22,1474.24,470.28,0.018,237.1,28.9,3.6,-14,1089
200809,1154217,3,1469,-2100,5.1,11.3,5.25,5.22,1448.06,440.77,-0.1164,225.4,28,8.3,-22.4,1207
200810,1154217,3,3905,1012,4.8,10.8,4.25,4.88,1113.06,308.03,-0.1773,175.4,28.6,15.2,-27.5,1291
200811,1154217,3,2761,-12,4.5,7.8,4,4,1076.07,307.48,-0.1077,166.2,27.9,18.5,-36.3,1469
200812,1154217,3,6944,542,4.1,5.5,3,3.27,1124.47,332.05,0.027,169.6,27.2,25.3,-25.7,1259.5
200901,1205348,0.8,176,-3766,3.7,4.6,2.5,2.43,1162.11,364.9,-0.0638,175.7,27,0.9,-8.7,1379.5
200902,1205348,0.8,5013,2799,4.1,4.4,2,2.06,1063.03,363.21,-0.0668,159.5,26.6,-7.6,-17.9,1534
200903,1205348,0.8,5786,3970,3.9,3.5,2,1.77,1206.26,421.44,0.1094,178.7,26.1,-7.9,-9,1383.5
200904,1205348,0.8,3139,5453,3.6,1.5,2,1.8,1369.36,500.98,0.1235,203.3,25.9,-7.4,-1.8,1282
200905,1205348,0.8,2329,4417,2.7,-1.3,2,1.91,1395.89,528.8,0.0332,212.7,26.4,-6.6,0.4,1255
200906,1205348,0.8,4065,6521,2,-3.1,2,1.93,1394.53,503.34,0.0342,216.9,27.3,-5.9,-1.1,1273.9
200907,1205348,0.8,1988,4228,1.6,-3.8,2,1.93,1557.29,504.35,0.0782,254.3,28.7,-5.4,2.5,1228.5
200908,1205348,0.8,1170,1542,2.2,-3,2,1.98,1591.85,514.7,0.0154,263.3,28.9,-2.8,0.8,1248.9
200909,1205348,0.8,2198,4165,2.2,-2.5,2,1.99,1673.14,505.94,0.0564,286.4,30.1,0.7,6.9,1178.1
200910,1205348,0.8,2512,3573,2,-3.1,2,1.99,1580.69,486.46,-0.0364,273.1,30.1,-0.9,6.5,1182.5
200911,1205348,0.8,3014,4457,2.4,-0.4,2,2,1555.6,464.32,0.0486,273.7,30.6,4.6,8.3,1162.8
200912,1205348,0.8,1699,3090,2.8,1.8,2,2,1682.77,513.57,0.0581,296.8,30.5,-2.1,8.2,1164.5
201001,1322611,6.8,-1776,-801,3.5,2.6,2,2,1602.43,496.57,-0.0537,281.9,30.2,2.5,0.2,1161.8
201002,1322611,6.8,-322,1995,3,2,2,2,1594.58,507.03,0.0423,277.6,29.8,3.1,0.4,1160
201003,1322611,6.8,917,1733,2.5,2,2,2.01,1692.85,515.74,0.0714,300.8,30.3,-1.2,2.9,1131.3
201004,1322611,6.8,797,3779,2.6,2.7,2,2,1741.56,523.75,0.0264,315.8,30.8,-2.1,5.1,1108.4
201005,1322611,6.8,6650,4034,2.7,4.3,2,2.01,1641.25,489.42,-0.0829,294.4,29.7,0.6,-3.2,1202.5
201006,1322611,6.8,3751,6794,2.7,4.7,2,2,1698.29,489.98,-0.0655,301.9,29.5,4,-4.7,1222.2
201007,1322611,6.8,3549,5002,2.5,3.8,2.25,2.21,1759.33,481.45,0.069,316.6,29.9,6.6,-1.5,1182.7
201008,1322611,6.8,3758,1206,2.7,3.5,2.25,2.27,1742.75,464.71,-0.0624,311,29.7,9.4,-2.8,1198.1
201009,1322611,6.8,4207,4409,3.4,4,2.25,2.27,1872.81,492.75,0.1204,335.6,29.7,10.5,2.1,1140.2
201010,1322611,6.8,4265,6339,3.7,5.2,2.25,2.26,1882.95,526.45,0.0586,340.4,29.8,14.2,3.5,1125.3
201011,1322611,6.8,3898,2592,3,5.2,2.5,2.37,1904.63,498.39,-0.0037,351.1,30.4,9.5,0.4,1159.7
201012,1322611,6.8,-1744,4088,3,5.7,2.5,2.5,2051,510.69,0.0619,386.2,31.2,13.1,2.6,1134.8
201101,1388937,3.7,-3160,2484,3.4,6.8,2.75,2.66,2069.73,521.38,0.0178,387.8,30.8,-0.7,1.2,1121.5
201102,1388937,3.7,1345,2065,3.9,7.4,2.75,2.75,1939.3,504.46,0.0304,363.6,30.7,-0.3,0.5,1128.7
201103,1388937,3.7,-2438,2487,4.1,8.2,3,2.92,2106.7,525.42,-0.0004,395.2,30.8,-1.6,3.5,1096.7
201104,1388937,3.7,-2545,4348,3.8,8.1,3,3.01,2192.36,511,0.0332,411.8,30.9,-0.1,5.9,1071.5
201105,1388937,3.7,-1247,2046,3.9,7.5,3,3.02,2142.47,484.54,-0.0133,401.7,30.9,0.1,5.2,1079.2
201106,1388937,3.7,1322,1912,4.2,7.2,3.25,3.21,2100.69,479.55,-0.0218,392.3,30.6,1.3,6.3,1067.7
201107,1388937,3.7,3939,4654,4.5,7,3.25,3.26,2133.21,536.05,-0.0062,398.3,30.3,5,7.6,1054.5
201108,1388937,3.7,4471,410,4.7,6.9,3.25,3.25,1880.11,493.44,-0.0642,349.8,30,6.4,6.4,1066.8
201109,1388937,3.7,2996,1232,3.8,6.3,3.25,3.25,1769.65,449.66,-0.0636,338.8,30.9,6.4,-3.7,1178.1
201110,1388937,3.7,3572,3903,3.6,5.8,3.25,3.24,1909.03,490.69,0.1114,367.1,31,2.6,2.2,1110
201111,1388937,3.7,6646,3003,4.2,5.1,3.25,3.26,1847.51,492.81,-0.0239,354.6,30.8,4.6,-0.7,1143
201112,1388937,3.7,1738,2256,4.2,4.3,3.25,3.26,1825.74,500.18,-0.0058,350.9,30.6,4.7,-1.5,1151
201201,1440111,2.4,-2288,-2317,3.4,3.2,3.25,3.26,1955.79,513.99,0.0801,379.7,31,2.1,2.5,1123
201202,1440111,2.4,-2584,1216,3,3.1,3.25,3.25,2030.25,542.3,0.0544,395.5,30.9,-3.1,3,1118
201203,1440111,2.4,3580,2277,2.7,2.4,3.25,3.25,2014.04,519.56,0.042,400.6,31.6,-5.1,1.7,1133
201204,1440111,2.4,-145,2138,2.6,1.9,3.25,3.25,1981.99,478.89,-0.0146,402.1,32.3,-2.9,1.9,1130
201205,1440111,2.4,5016,2392,2.5,1,3.25,3.26,1843.47,471.94,-0.0719,367.8,31.7,-1.3,-2.4,1180
201206,1440111,2.4,6069,5169,2.2,0,3.25,3.26,1854.01,489.16,0.0381,369.4,31.5,-2,0.6,1145
201207,1440111,2.4,8376,2691,1.5,-0.6,3,3.08,1881.99,467.61,0.0015,379.6,31.9,-0.6,1.9,1130
201208,1440111,2.4,1618,1929,1.3,-0.1,3,3,1905.12,508.35,0.0434,383.5,31.7,-0.9,1.5,1134
201209,1440111,2.4,6484,2853,2.1,0.2,3,2.99,1996.21,523.78,0.0161,405.4,32,0.4,3.6,1111.4
201210,1440111,2.4,7288,3708,2.1,-0.5,2.75,2.8,1912.06,508.31,-0.0446,387.4,31.9,-2.3,5.6,1090.7
201211,1440111,2.4,8188,4423,1.6,-0.9,2.75,2.75,1932.9,499.37,0.0111,393.3,32.1,-5.6,6.4,1082.9
201212,1440111,2.4,7189,1806,1.4,-1.2,2.75,2.75,1984.8,493.66,0.0031,410.2,32.5,-10.1,7.6,1070.6
201301,1500819,3.2,2752,376,1.6,-1.6,2.75,2.76,1961.9,503.67,0.0406,401.9,32.3,-4.9,-1.7,1089
201302,1500819,3.2,2213,1874,1.6,-1.6,2.75,2.75,2026.5,535.87,0.0057,420.5,32.5,-6.4,-1.1,1083
201303,1500819,3.2,6740,3336,1.5,-2.4,2.75,2.74,2004.9,555.02,0.034,412.2,32.1,-8.1,-3.6,1111
201304,1500819,3.2,5040,2510,1.3,-2.8,2.75,2.75,1964,563.87,0.0188,399.3,31.6,-11.5,-2.8,1101
201305,1500819,3.2,9608,5918,1.2,-2.6,2.5,2.55,2001.05,577.87,0.0382,413.7,31.9,-14.3,-5.2,1129.7
201306,1500819,3.2,6825,5972,1.2,-1.4,2.5,2.49,1863.32,519.06,-0.0152,377.9,31.4,-12.5,-6.3,1142
201307,1500819,3.2,6965,2446,1.6,-1,2.5,2.48,1914.03,554.31,0.0656,385.3,31,-11.7,-4.7,1123.5
201308,1500819,3.2,6389,4717,1.5,-1.3,2.5,2.5,1926.36,516.74,-0.0101,396.6,31.8,-11.9,-3.5,1110
201309,1500819,3.2,7848,3595,1,-1.8,2.5,2.5,1996.96,534.89,0.0506,416.8,32.2,-11.6,-0.4,1074.7
201310,1500819,3.2,10724,4875,0.9,-1.4,2.5,2.5,2030.09,532.44,0.0393,437.3,33.1,-12.1,0.9,1060.7
201311,1500819,3.2,5892,4799,1.2,-0.9,2.5,2.5,2044.87,517.06,0.0358,442.4,33.3,-15.4,1.2,1058.2
201312,1500819,3.2,6264,3630,1.1,-0.4,2.5,2.5,2011.34,499.99,0.0287,430.6,33,-17.9,1.4,1055.4
201401,1562929,3.2,1838,814,1.1,-0.3,2.5,2.5,1941.15,515.2,-0.0174,412.5,32.5,1.9,-1.4,1070.4
201402,1562929,3.2,4813,850,1,-0.9,2.5,2.49,1979.99,528.96,0.0498,425.2,32.6,3.5,-1.1,1067.5
201403,1562929,3.2,6183,3505,1.3,-0.5,2.5,2.48,1985.61,541.58,-0.0253,424.6,32.3,2.4,-0.9,1064.7
201404,1562929,3.2,6876,4394,1.5,-0.3,2.5,2.49,1961.79,559.34,-0.0201,424.2,32.5,2.9,2.1,1033.2
201405,1562929,3.2,9148,4970,1.7,0,2.5,2.49,1994.96,546.53,0.0311,436.9,33,3.6,3.5,1020.1
201406,1562929,3.2,7769,5352,1.7,0.1,2.5,2.48,2002.21,537.06,0.039,437.2,32.9,4,4.3,1011.8
201407,1562929,3.2,6199,2341,1.6,0.2,2.5,2.49,2076.12,536.32,-0.0087,459.5,33.4,2.5,2.7,1027.9
201408,1562929,3.2,6794,3316,1.4,-0.2,2.25,2.34,2068.54,570.2,0.0482,455.1,33,1.4,4.1,1014
201409,1562929,3.2,7419,3261,1.1,-0.5,2.25,2.23,2020.09,573.22,-0.019,437.2,32.5,-3.7,0,1055.2
201410,1562929,3.2,8605,7534,1.1,-0.8,2,2.06,1964.43,558.7,0.0306,430.1,32.6,-5.1,-1.2,1068.5
201411,1562929,3.2,10583,5262,1,-0.9,2,1.98,1980.78,545.08,0.0347,438,32.2,-10.9,-4.7,1107.9
201412,1562929,3.2,6805,5551,0.8,-2.1,2,1.99,1915.59,542.97,-0.0116,422.3,31.6,-12.5,-4,1099.3
201501,1658020,2.8,7076,5822,1,-3.6,2,1.99,1949.26,591.58,-0.0213,433.5,31.6,2.2,0.5,1093.5
201502,1658020,2.8,6136,7474,0.6,-3.6,2,1.99,1985.8,624.56,0.0708,436.8,31.1,1,0.1,1098.4
201503,1658020,2.8,9762,8337,0.5,-3.7,1.75,1.82,2041.03,650.49,-0.0126,451.3,31.2,0.3,-0.9,1109.5
201504,1658020,2.8,7222,8363,0.4,-3.6,1.75,1.73,2127.17,689.01,0.0083,470.3,31,1.5,2.5,1072.4
201505,1658020,2.8,7959,6287,0.6,-3.5,1.75,1.74,2114.8,711.39,0.026,461.4,30.5,-2.8,-0.8,1108.2
201506,1658020,2.8,11546,9957,0.7,-3.6,1.5,1.57,2074.2,742.27,-0.0164,444.6,29.7,-1.6,-1.5,1115.5
201507,1658020,2.8,9367,7049,0.7,-4,1.5,1.48,2030.16,725.06,0.0284,430.2,29.2,-2.9,-6,1170
201508,1658020,2.8,8119,4335,0.7,-4.5,1.5,1.49,1941.49,687.11,-0.0686,405.2,28.8,-0.6,-7,1182.5
201509,1658020,2.8,10600,8891,0.5,-4.6,1.5,1.48,1962.81,678.48,-0.0327,413.8,29,0.4,-7.3,1185.3
201510,1658020,2.8,9561,6589,0.8,-4.6,1.5,1.48,2029.47,683.63,0.0938,441.3,29.8,-0.6,-3.6,1140.1
201511,1658020,2.8,9728,10235,0.8,-4.7,1.5,1.49,1991.97,688.38,0.0109,430.2,29.3,-1.9,-5.1,1158.1
201512,1658020,2.8,8043,6918,1.1,-4,1.5,1.48,1961.31,682.35,-0.0198,420.4,29.1,0,-6.2,1172.5
201601,1740780,2.9,7317,4938,0.6,-3.3,1.5,1.49,1912.06,682.8,-0.0786,403.6,28.6,-0.1,-2.2,1199.1
201602,1740780,2.9,7928,6762,1.1,-3.4,1.5,1.49,1916.66,651.62,-0.0121,407.3,28.9,6.6,-5.2,1236.7
201603,1740780,2.9,11123,9658,0.8,-3.3,1.5,1.49,1995.85,688.38,0.0684,432.5,29.4,7.2,2.5,1143.5
201604,1740780,2.9,4184,8693,1,-3,1.5,1.49,1994.15,699.77,-0.0194,432.2,29.3,12.2,2.9,1139.3
201605,1740780,2.9,10491,6709,0.8,-3,1.5,1.49,1983.4,698.45,0.0362,433.4,29.5,8.2,-1.6,1191.7
201606,1740780,2.9,12410,11319,0.7,-2.7,1.25,1.29,1970.35,675.09,-0.0213,437.4,30,17.3,1.8,1151.8
201607,1740780,2.9,8832,7510,0.4,-2.5,1.25,1.23,2016.19,706.24,0.066,454.7,30.3,16.2,4.7,1120.2
201608,1740780,2.9,5410,5021,0.5,-1.8,1.25,1.23,2034.65,663.69,0.0099,466.7,31.1,16.7,5.2,1114.8
201609,1740780,2.9,7518,6858,1.3,-1.1,1.25,1.24,2043.63,681.21,0.0189,469.6,31.1,19.4,6.5,1101.3
201610,1740780,2.9,7477,6933,1.5,-0.1,1.25,1.23,2008.19,624.68,-0.0231,468.3,31.7,14.9,2.4,1144.5
201611,1740780,2.9,7873,8068,1.5,0.7,1.25,1.23,1983.48,596.11,0.0259,469.1,32,6.9,0.3,1169.1
201612,1740780,2.9,7362,6765,1.3,1.8,1.25,1.23,2026.46,631.44,0.0112,480.8,31.8,3.2,-2.9,1207.7
201701,1835698,3.2,3402,2612,2.2,3.9,1.25,1.24,2067.57,616.13,0.043,501.1,32.6,2.8,3.9,1162.1
201702,1835698,3.2,7439,6964,2.1,4.3,1.25,1.23,2091.64,612.2,0.0375,502.4,32.4,3.8,6.8,1130.7
201703,1835698,3.2,5140,6059,2.3,4.3,1.25,1.23,2160.23,619.28,0.0148,528.2,33,4.3,8,1118.4
201704,1835698,3.2,3184,12885,2,3.8,1.25,1.23,2205.44,628.24,0.023,545.6,33.3,4.9,6.1,1137.9
201705,1835698,3.2,4262,5639,2,3.4,1.25,1.23,2347.38,652.04,0.025,581,33.5,5.1,7.9,1119.5
201706,1835698,3.2,7009,10721,1.8,2.8,1.25,1.24,2391.79,669.04,-0.0094,597.3,33.7,4.1,5.6,1144.1
201707,1835698,3.2,7467,10223,2.2,3,1.25,1.24,2402.71,650.47,0.0338,605.7,33.4,5.5,7.9,1119
201708,1835698,3.2,6139,6556,2.5,3.3,1.25,1.23,2363.19,657.83,0.0127,595.9,33.9,5.5,7.1,1127.8
201709,1835698,3.2,12338,13419,2,3.8,1.25,1.25,2394.47,652.82,0.0105,613,34.4,3.5,5.4,1145.4
201710,1835698,3.2,6890,6934,1.8,3.6,1.25,1.24,2523.43,694.2,0.0357,650.9,34.6,3.2,7.8,1120.4
201711,1835698,3.2,7474,7693,1.2,3.1,1.5,1.26,2476.37,771.42,0.0217,634.4,33.8,4,11,1088.2
201712,1835698,3.2,4487,5511,1.4,2.2,1.5,1.51,2467.49,798.42,0.0043,634.7,33.6,3.5,12.8,1070.5
201801,1898193,2.9,2557,3416,0.8,1.2,1.5,1.49,2566.46,913.57,0.0736,657.7,33,1.2,0.2,1067.9
201802,1898193,2.9,3227,2801,1.3,1.3,1.5,1.49,2427.36,857.06,-0.0187,621.1,32.9,5.3,-1.1,1082.8
201803,1898193,2.9,5210,6412,1.2,1.3,1.5,1.49,2445.85,871.09,-0.0288,625.2,32.7,6.2,0.7,1063.5
201804,1898193,2.9,1490,6156,1.5,1.7,1.5,1.47,2515.38,875.95,0.0004,643.8,32.8,3.3,0.2,1068
201805,1898193,2.9,8792,6229,1.5,2.2,1.5,1.5,2423.01,879.66,0.0532,623.9,32.7,3.7,-0.7,1077.7
201806,1898193,2.9,7980,6079,1.5,2.6,1.5,1.49,2326.13,818.22,0.0092,596.9,32.7,1.9,-3.9,1114.5
201807,1898193,2.9,8874,6893,1.1,3,1.5,1.49,2295.26,775.52,0.0215,592.7,33,1.3,-4.3,1118.7
201808,1898193,2.9,8581,6820,1.4,3.1,1.5,1.5,2322.88,816.97,0.0571,599.8,32.8,1.6,-3.8,1112.9
201809,1898193,2.9,11236,9617,2.1,2.7,1.5,1.54,2343.07,822.27,-0.0078,597,32.3,-0.6,-3.5,1109.3
201810,1898193,2.9,9474,6380,2,2.2,1.5,1.52,2029.69,648.67,-0.092,524.6,33.1,-0.4,-6.1,1139.6
201811,1898193,2.9,5131,4671,2,1.5,1.75,1.51,2096.86,695.76,0.0034,532.9,32.3,-0.5,-4.5,1121.2
201812,1898193,2.9,4914,4182,1.3,0.9,1.75,1.77,2041.04,675.65,-0.0948,509.7,32.1,2,-4.1,1115.7
201901,1919040,2,3296,1016,0.8,0.4,1.75,1.75,2204.85,716.86,0.0974,567.2,32.3,1.7,0.3,1112.7
201902,1919040,2,3850,2830,0.5,0.1,1.75,1.76,2195.44,731.25,0.0344,563.7,32.1,-0.1,-0.8,1124.7
201903,1919040,2,5040,5011,0.4,0.5,1.75,1.76,2140.67,729.31,0.0261,554.6,32.2,-0.1,-1.7,1135.1
201904,1919040,2,-393,3734,0.6,0.6,1.75,1.75,2203.59,754.74,0.0474,575.9,32.4,-0.7,-4.5,1168.2
201905,1919040,2,5176,2084,0.7,0.4,1.75,1.75,2041.74,696.47,-0.0793,532.4,32.3,1.5,-6.3,1190.9
201906,1919040,2,5665,3904,0.7,0.1,1.75,1.76,2130.62,690.53,0.0742,559.8,32.7,2.7,-3.4,1154.7
201907,1919040,2,6585,2316,0.6,-0.4,1.5,1.63,2024.55,630.18,0.0211,543.3,33.5,1.9,-5.7,1183.1
201908,1919040,2,4861,1563,0,-0.6,1.5,1.51,1967.79,610.55,-0.026,526.5,33.3,4,-7.9,1211.2
201909,1919040,2,7759,5888,-0.4,-0.8,1.5,1.52,2063.05,621.76,0.0046,555.8,33.6,2.6,-6.7,1196.2
201910,1919040,2,7827,5252,0,-0.7,1.25,1.35,2083.48,658.52,0.0366,560.6,33.2,1.8,-4.1,1163.4
201911,1919040,2,5975,3312,0.2,-0.1,1.25,1.28,2087.96,636.34,0.045,558.4,33.1,1,-5.5,1181.2
201912,1919040,2,4331,1981,0.7,0.7,1.25,1.28,2197.67,669.83,0.0354,593.2,33.3,0,0,1156.4
202001,1898193,-1,1007,373,1.5,1.1,1.25,1.27,2119.01,642.48,0.0199,581.5,33.8,0.1,-3,1191.8
202002,1898193,-1,6367,3900,1.1,0.7,1.25,1.24,1987.01,610.73,-0.0638,545.1,33.7,0.2,-4.7,1213.7
202003,1898193,-1,5961,4371,1,-0.5,0.75,0.98,1754.64,569.07,-0.1012,468.7,32.4,0.7,-5,1217.4
202004,1898193,-1,-3331,-1608,0.1,-1.7,0.75,0.74,1947.56,654.18,0.1545,505,31.5,2.4,-5.1,1218.2
202005,1898193,-1,2286,386,-0.3,-1.8,0.5,0.7,2029.6,713.68,0.0675,520.6,30.9,1.8,-6.6,1238.5
202006,1898193,-1,6880,3621,0,-1,0.5,0.48,2108.33,737.97,0.0599,541.6,30.9,1.3,-3.9,1203
202007,1898193,-1,7452,4134,0.3,-0.8,0.5,0.48,2249.37,815.3,0.0682,583.5,30.8,4.6,-2.9,1191.3
202008,1898193,-1,6566,3732,0.7,-0.5,0.5,0.5,2326.17,848.24,0.0959,589.2,30,3.3,-2.6,1187.8
202009,1898193,-1,10126,8498,1,-0.4,0.5,0.48,2327.89,848.15,-0.0516,598.4,30.3,3.3,-1.1,1169.5
202010,1898193,-1,11551,5791,0.1,-0.5,0.5,0.51,2267.15,792.65,-0.0229,584.8,30.4,4.7,1.9,1135.1
202011,1898193,-1,9177,5904,0.6,-0.3,0.5,0.49,2591.34,968.42,0.118,675.2,30.8,5,4.5,1106.5
202012,1898193,-1,11507,6772,0.5,0.2,0.5,0.51,2873.47,968.42,0.0565,764.3,31.4,5.6,6.5,1086.3
202101,,,7060,3762,0.6,0.9,0.5,0.49,2976.21,928.73,0.0142,787.9,31.6,-1.1,-2.9,1118.8
202102,,,8034,2616,1.1,2,0.5,0.49,3012.95,913.94,0.0093,797.5,31.6,-2.6,-3.3,1123.5
202103,,,,,,,0.5,0.49,3061.57,956.17,0.0041,805.3,31.3,-6.7,-4,1131.8
